Mobile,Country,Upload,Download,Latency,GDP Growth
0.0,Afghanistan,428.0,356.0,-20.0,-1.9347782488959
0.0,Albania,5327.0,7265.0,-6.0,-3.31123944391327
0.0,Algeria,-133.0,1447.0,-15.0,-5.48099193515836
0.0,Andorra,55214.0,57985.0,3.0,-11.9560584192697
0.0,Angola,439.0,-742.0,15.0,-4.04051000025351
0.0,Antigua and Barbuda,147.0,909.0,-31.0,-15.9735096410208
0.0,Argentina,3735.0,3610.0,-8.0,-9.90523485573888
0.0,Armenia,4755.0,4156.0,-6.0,-7.59999999999999
0.0,Australia,2468.0,14392.0,0.0,-0.284839297785609
0.0,Austria,3096.0,11766.0,-4.0,-6.25903481882027
0.0,Azerbaijan,2576.0,1474.0,-3.0,-4.30998913316057
0.0,Bahrain,6687.0,24103.0,0.0,-5.81468342829542
0.0,Bangladesh,2796.0,2628.0,-11.0,2.37552165571601
0.0,Barbados,975.0,-24912.0,1.0,-17.6053641017878
0.0,Belarus,6560.0,6646.0,-4.0,-0.900000000246891
0.0,Belgium,2404.0,16564.0,-2.0,-6.28392995127165
0.0,Belize,3.0,343.0,-3.0,-14.0384211620734
0.0,Benin,1370.0,757.0,-7.0,3.84879240030133
0.0,Bhutan,2680.0,2056.0,-10.0,-6.77210161101478
0.0,Bolivia,1595.0,2754.0,-4.0,-7.82328995009992
0.0,Bosnia and Herzegovina,926.0,3168.0,-3.0,-4.32734580579653
0.0,Botswana,2739.0,1543.0,-15.0,-7.89305358895749
0.0,Brazil,12480.0,15469.0,-5.0,-4.05904827267295
0.0,Brunei Darussalam,4087.0,18239.0,9.0,1.20300193904603
0.0,Bulgaria,-10836.0,-3892.0,120.0,-4.15370282988493
0.0,Burkina Faso,30260.0,35171.0,-134.0,2.02238469536866
0.0,Burundi,6719.0,7522.0,4.0,0.297577119233125
0.0,Cambodia,-7563.0,-6429.0,8.0,-3.14103480632566
0.0,Cameroon,12050.0,7196.0,-40.0,0.730339198197697
0.0,Canada,-18798.0,-60006.0,4.0,-5.31294474285987
0.0,Central African Republic,12228.0,34307.0,-546.0,0.0
0.0,Chad,-3330.0,-5645.0,269.0,-0.890209999072951
0.0,Chile,-15895.0,-23854.0,161.0,-5.77150166876176
0.0,China,29527.0,3768.0,28.0,2.29999999995441
0.0,Colombia,-4907.0,-6656.0,618.0,-6.8473142056573
0.0,Comoros,-10110.0,4948.0,-95.0,4.91077747534176
0.0,Costa Rica,-1346.0,-11203.0,10.0,-4.53996591674169
0.0,Cote d'Ivoire,1391.0,14049.0,-38.0,1.81644146095073
0.0,Croatia,-2318.0,-3130.0,13.0,-8.36737821725714
0.0,Cyprus,-3107.0,-13789.0,160.0,-5.10347951905253
0.0,Czech Republic,-6867.0,-4238.0,3.0,-5.79357128432328
0.0,Denmark,-72265.0,-83683.0,251.0,-2.06212495876164
0.0,Djibouti,103383.0,122983.0,-30.0,0.499999999999986
0.0,Dominica,-4823.0,-12913.0,22.0,-16.7091602926228
0.0,Dominican Republic,14291.0,17726.0,-35.0,-6.72023937283404
0.0,Ecuador,-6849.0,-1544.0,-4.0,-7.75012337710913
0.0,El Salvador,2501.0,7308.0,-16.0,-7.94398461326071
0.0,Equatorial Guinea,589.0,7559.0,-127.0,-4.89335647440198
0.0,Estonia,-23240.0,-32097.0,68.0,-2.95106931268964
0.0,Ethiopia,35171.0,47342.0,-43.0,6.05661779202561
0.0,Fiji,12747.0,33645.0,-30.0,-19.0487564856799
0.0,Finland,-21712.0,-42456.0,15.0,-2.87069059271343
0.0,France,-7622.0,18963.0,-18.0,-7.85525603703762
0.0,Gabon,-1991.0,-5654.0,21.0,-1.32393655297315
0.0,Georgia,-13241.0,-10783.0,20.0,-6.15967292756974
0.0,Germany,2146.0,-37904.0,-1.0,-4.56961671737398
0.0,Ghana,-1367.0,47064.0,-32.0,0.414443468055197
0.0,Greece,64440.0,88095.0,-22.0,-8.24773611483073
0.0,Grenada,2117.0,-17766.0,34.0,-11.2307582271741
0.0,Guatemala,2897.0,33528.0,-28.0,-1.51932802919289
0.0,Guinea,-1114.0,14867.0,-63.0,6.98855997075241
0.0,Guinea-Bissau,707.0,-3070.0,-21.0,-2.39999999921721
0.0,Guyana,332.0,-6278.0,26.0,43.4795146332261
0.0,Haiti,768.0,11555.0,6.0,-3.37375049597422
0.0,Honduras,43423.0,19215.0,187.0,-8.96476018404584
0.0,Hungary,-25435.0,-55695.0,9.0,-4.95674851669689
0.0,Iceland,35348.0,46291.0,0.0,-6.50391225040894
0.0,India,30885.0,76835.0,-16.0,-7.9646104111382
0.0,Indonesia,134050.0,144480.0,-16.0,-2.06954349906437
0.0,Iraq,-5576.0,1185.0,-19.0,-10.3650901764239
0.0,Ireland,-12104.0,-35575.0,15.0,5.86697550911293
0.0,Israel,9695.0,11754.0,11.0,-2.44001079210835
0.0,Italy,650.0,10795.0,-10.0,-8.87114634766792
0.0,Jamaica,9959.0,53873.0,-22.0,-10.2
0.0,Japan,-71352.0,-26204.0,3.0,-5.80990557067783
0.0,Jordan,80145.0,48580.0,-19.0,-1.5513843252939
0.0,Kazakhstan,138627.0,152108.0,-39.0,-2.60000000027189
0.0,Kenya,10032.0,13390.0,-13.0,-0.307497490498449
0.0,Kiribati,16641.0,14560.0,-462.0,2.53807106598984
0.0,Latvia,-8503.0,-9301.0,-8.0,-3.62368391569032
0.0,Lebanon,36823.0,41143.0,-24.0,-20.2999931945589
0.0,Lesotho,-5080.0,-5342.0,-5.0,-11.0609937385315
0.0,Liberia,1810.0,2395.0,-1.0,-2.87072242804096
0.0,Lithuania,21287.0,48329.0,-10.0,-0.871905539751921
0.0,Luxembourg,6197.0,-13353.0,4.0,-1.31320454303741
0.0,Madagascar,86574.0,107534.0,-27.0,-4.20000207447691
0.0,Malawi,26655.0,23479.0,-54.0,0.799999999999955
0.0,Malaysia,-17790.0,-35193.0,5.0,-5.58774467806195
0.0,Maldives,24032.0,47520.0,9.0,-31.9820637101164
0.0,Mali,5240.0,1550.0,-52.0,-1.64926140079287
0.0,Malta,-7812.0,-56359.0,30.0,-7.00112961514149
0.0,Mauritania,25487.0,31838.0,-137.0,-1.48848721412935
0.0,Mauritius,-6567.0,-11925.0,87.0,-14.867831289276
0.0,Mexico,-3489.0,-6186.0,260.0,-8.23947327731744
0.0,Mongolia,47009.0,72343.0,5.0,-5.33555201697223
0.0,Montenegro,17082.0,-18686.0,3.0,-15.158984433142
0.0,Morocco,591.0,-1032.0,-16.0,-7.11723216887476
0.0,Mozambique,3932.0,10809.0,1.0,-1.28188697176552
0.0,Namibia,1207.0,-768.0,-39.0,-7.98354382508364
0.0,Nepal,17094.0,17633.0,91.0,-2.08837869543885
0.0,Netherlands,-27309.0,-63804.0,5.0,-3.79863599268334
0.0,New Zealand,-12694.0,-16257.0,-6.0,0.98096509294345
0.0,Nicaragua,39573.0,59978.0,-9.0,-1.97732939329578
0.0,Niger,2042.0,5246.0,-227.0,1.50000554259205
0.0,Nigeria,-57.0,-708.0,41.0,-1.79425308233591
0.0,Norway,-69381.0,-52734.0,-6.0,-0.76586036472996
0.0,Pakistan,9351.0,27657.0,-28.0,0.525527438790377
0.0,Panama,-5277.0,-14028.0,-4.0,-17.9493316725846
0.0,Papua New Guinea,13298.0,74397.0,-263.0,-3.878818537374
0.0,Paraguay,-1451.0,-3485.0,216.0,-0.999999999994245
0.0,Peru,5634.0,6988.0,-14.0,-11.1488118768393
0.0,Philippines,3893.0,10663.0,-24.0,-9.57302987461006
0.0,Poland,-3363.0,-30058.0,19.0,-2.70170919482509
0.0,Portugal,-5476.0,5372.0,1.0,-7.57277776605211
0.0,Puerto Rico,40142.0,47452.0,-31.0,-3.90330519298465
0.0,Qatar,-34312.0,-15491.0,32.0,-3.66783552589879
0.0,Romania,77988.0,58917.0,-4.0,-3.85937359255286
0.0,Rwanda,47429.0,42606.0,-30.0,-3.35547212198846
0.0,Samoa,-5100.0,22788.0,22.0,-2.74256739608303
0.0,Sao Tome and Principe,6128.0,44912.0,3.0,3.08972555522433
0.0,Saudi Arabia,-5934.0,-19833.0,-36.0,-4.10658341159909
0.0,Senegal,14379.0,44249.0,-25.0,0.870408531926302
0.0,Serbia,-1376.0,-4378.0,50.0,-0.979714616234148
0.0,Seychelles,-2154.0,17667.0,-8.0,-10.7204870650812
0.0,Sierra Leone,18127.0,15848.0,-3.0,-2.16249723146613
0.0,Singapore,-147918.0,-141345.0,58.0,-5.39102140610559
0.0,Slovenia,5028.0,4355.0,1.0,-4.22926138908075
0.0,Solomon Islands,23047.0,49922.0,-127.0,-4.31726002703921
0.0,Somalia,-2890.0,529.0,-63.0,-1.49516270888303
0.0,South Africa,-1116.0,-4902.0,24.0,-6.95960445218964
0.0,Spain,-54562.0,-56300.0,2.0,-10.8228864939664
0.0,Sri Lanka,89481.0,85591.0,-5.0,-3.5690761372374
0.0,Sudan,4308.0,14803.0,-108.0,-1.56216179984276
0.0,Suriname,1800.0,-1508.0,50.0,-14.5
0.0,Sweden,-68893.0,-81260.0,75.0,-2.79533514243728
0.0,Switzerland,47568.0,21427.0,-2.0,-2.39282604159746
0.0,Tajikistan,20291.0,55868.0,-39.0,4.49999951669761
0.0,Thailand,-76425.0,-83833.0,24.0,-6.08722028505679
0.0,Timor-Leste,1347.0,13945.0,-43.0,-8.70254848621823
0.0,Togo,1501.0,-9711.0,130.0,1.75280074920752
0.0,Trinidad and Tobago,-7139.0,-29646.0,31.0,-7.83187649658342
0.0,Tunisia,38514.0,55990.0,-41.0,-8.60031028272616
0.0,Turkey,-1577.0,-8364.0,8.0,1.7566507625293
0.0,Turks and Caicos Islands,-6342.0,-11388.0,3.0,-26.8000042915066
0.0,Uganda,2840.0,8683.0,8.0,2.85758127391374
0.0,Ukraine,-22233.0,-19169.0,19.0,-4.02031771396206
0.0,United Kingdom,53395.0,75777.0,-22.0,-9.79024036173693
0.0,United States,-18163.0,-90727.0,-2.0,-3.48614040819797
0.0,Uruguay,-602.0,4064.0,-9.0,-5.85872124345026
0.0,Uzbekistan,-5696.0,15722.0,-11.0,1.64779710168759
0.0,Vanuatu,18264.0,15496.0,-87.0,-9.23532846095011
0.0,Zambia,-6473.0,-6724.0,52.0,-3.01618890347348
0.0,Zimbabwe,-2698.0,-679.0,-2.0,-7.99999999999999
0.0,Afghanistan,983.0,1902.0,-34.0,-1.9347782488959
0.0,Albania,5871.0,10065.0,-6.0,-3.31123944391327
0.0,Algeria,461.0,3853.0,-10.0,-5.48099193515836
0.0,Andorra,27702.0,34404.0,-1.0,-11.9560584192697
0.0,Angola,995.0,466.0,-26.0,-4.04051000025351
0.0,Antigua and Barbuda,1308.0,2008.0,-18.0,-15.9735096410208
0.0,Argentina,5463.0,7171.0,-13.0,-9.90523485573888
0.0,Armenia,4821.0,5958.0,-6.0,-7.59999999999999
0.0,Australia,2614.0,18791.0,2.0,-0.284839297785609
0.0,Austria,3388.0,13919.0,-3.0,-6.25903481882027
0.0,Azerbaijan,2744.0,2163.0,-1.0,-4.30998913316057
0.0,Bahrain,7796.0,39741.0,-4.0,-5.81468342829542
0.0,Bangladesh,4350.0,8317.0,-12.0,2.37552165571601
0.0,Barbados,9608.0,70997.0,5.0,-17.6053641017878
0.0,Belarus,6235.0,8673.0,-5.0,-0.900000000246891
0.0,Belgium,1403.0,23773.0,-1.0,-6.28392995127165
0.0,Belize,201.0,181.0,1.0,-14.0384211620734
0.0,Benin,1677.0,1952.0,-17.0,3.84879240030133
0.0,Bhutan,3238.0,986.0,-10.0,-6.77210161101478
0.0,Bolivia,2491.0,5106.0,-11.0,-7.82328995009992
0.0,Bosnia and Herzegovina,1112.0,3960.0,-4.0,-4.32734580579653
0.0,Botswana,2059.0,1680.0,-25.0,-7.89305358895749
0.0,Brazil,15691.0,22287.0,-9.0,-4.05904827267295
0.0,Brunei Darussalam,9533.0,12737.0,-1.0,1.20300193904603
0.0,Bulgaria,7993.0,11013.0,-2.0,-4.15370282988493
0.0,Burkina Faso,413.0,7105.0,-85.0,2.02238469536866
0.0,Burundi,1434.0,2127.0,-8.0,0.297577119233125
0.0,Cambodia,1560.0,2717.0,-7.0,-3.14103480632566
0.0,Cameroon,1092.0,4005.0,-7.0,0.730339198197697
0.0,Canada,11046.0,34849.0,-13.0,-5.31294474285987
0.0,Central African Republic,-2092.0,1236.0,191.0,0.0
0.0,Chad,8522.0,5216.0,38.0,-0.890209999072951
0.0,Chile,42854.0,56237.0,-5.0,-5.77150166876176
0.0,China,9672.0,43409.0,1.0,2.29999999995441
0.0,Colombia,3790.0,7820.0,-34.0,-6.8473142056573
0.0,Comoros,14792.0,14154.0,74.0,4.91077747534176
0.0,Costa Rica,1527.0,8864.0,-8.0,-4.53996591674169
0.0,Cote d'Ivoire,1642.0,15051.0,-26.0,1.81644146095073
0.0,Croatia,4204.0,7251.0,-4.0,-8.36737821725714
0.0,Cyprus,4337.0,9991.0,-4.0,-5.10347951905253
0.0,Czech Republic,3712.0,13077.0,-2.0,-5.79357128432328
0.0,Denmark,29094.0,47556.0,-1.0,-2.06212495876164
0.0,Djibouti,5274.0,3279.0,-6.0,0.499999999999986
0.0,Dominica,118.0,5129.0,-19.0,-16.7091602926228
0.0,Dominican Republic,2435.0,4063.0,-19.0,-6.72023937283404
0.0,Ecuador,5771.0,6367.0,-24.0,-7.75012337710913
0.0,El Salvador,1805.0,5035.0,-27.0,-7.94398461326071
0.0,Equatorial Guinea,-2363.0,-1297.0,-19.0,-4.89335647440198
0.0,Estonia,9906.0,15166.0,-2.0,-2.95106931268964
0.0,Ethiopia,982.0,1239.0,4.0,6.05661779202561
0.0,Fiji,1279.0,2785.0,-11.0,-19.0487564856799
0.0,Finland,8420.0,25352.0,-2.0,-2.87069059271343
0.0,France,40666.0,57206.0,-9.0,-7.85525603703762
0.0,Gabon,-1139.0,-3327.0,-20.0,-1.32393655297315
0.0,Georgia,1710.0,2245.0,-10.0,-6.15967292756974
0.0,Germany,5108.0,20636.0,-2.0,-4.56961671737398
0.0,Ghana,3110.0,6553.0,-19.0,0.414443468055197
0.0,Greece,1027.0,4651.0,-10.0,-8.24773611483073
0.0,Grenada,3588.0,8776.0,-8.0,-11.2307582271741
0.0,Guatemala,1532.0,4895.0,-15.0,-1.51932802919289
0.0,Guinea,-688.0,-1419.0,-17.0,6.98855997075241
0.0,Guinea-Bissau,-1296.0,-6392.0,12.0,-2.39999999921721
0.0,Guyana,3353.0,9285.0,-24.0,43.4795146332261
0.0,Haiti,1253.0,2713.0,-14.0,-3.37375049597422
0.0,Honduras,2577.0,5347.0,-13.0,-8.96476018404584
0.0,Hungary,17698.0,38042.0,-2.0,-4.95674851669689
0.0,Iceland,25707.0,35898.0,-4.0,-6.50391225040894
0.0,India,17026.0,16322.0,-10.0,-7.9646104111382
0.0,Indonesia,1027.0,3843.0,-4.0,-2.06954349906437
0.0,Iraq,3278.0,4971.0,-9.0,-10.3650901764239
0.0,Ireland,6108.0,31466.0,-4.0,5.86697550911293
0.0,Israel,7377.0,39631.0,-5.0,-2.44001079210835
0.0,Italy,6231.0,16486.0,-10.0,-8.87114634766792
0.0,Jamaica,5572.0,5140.0,-8.0,-10.2
0.0,Japan,11393.0,55419.0,-7.0,-5.80990557067783
0.0,Jordan,6316.0,6310.0,-13.0,-1.5513843252939
0.0,Kazakhstan,6711.0,7818.0,-11.0,-2.60000000027189
0.0,Kenya,1557.0,3476.0,-8.0,-0.307497490498449
0.0,Latvia,-7211.0,-8433.0,-8.0,-3.62368391569032
0.0,Lebanon,36997.0,46797.0,-18.0,-20.2999931945589
0.0,Lesotho,-4167.0,-4381.0,13.0,-11.0609937385315
0.0,Liberia,7503.0,4893.0,-16.0,-2.87072242804096
0.0,Lithuania,24368.0,53714.0,-10.0,-0.871905539751921
0.0,Luxembourg,1985.0,-15085.0,3.0,-1.31320454303741
0.0,Madagascar,90405.0,113055.0,-19.0,-4.20000207447691
0.0,Malawi,22825.0,23563.0,-37.0,0.799999999999955
0.0,Malaysia,-21317.0,-38412.0,3.0,-5.58774467806195
0.0,Maldives,27024.0,58663.0,8.0,-31.9820637101164
0.0,Mali,5039.0,3003.0,-48.0,-1.64926140079287
0.0,Malta,-8128.0,-57172.0,32.0,-7.00112961514149
0.0,Mauritania,25826.0,41049.0,-87.0,-1.48848721412935
0.0,Mauritius,-6285.0,-9888.0,83.0,-14.867831289276
0.0,Mexico,-4105.0,2547.0,249.0,-8.23947327731744
0.0,Mongolia,60480.0,81820.0,7.0,-5.33555201697223
0.0,Montenegro,15596.0,-11577.0,4.0,-15.158984433142
0.0,Morocco,1162.0,3535.0,-32.0,-7.11723216887476
0.0,Mozambique,5790.0,14792.0,5.0,-1.28188697176552
0.0,Namibia,1217.0,573.0,-50.0,-7.98354382508364
0.0,Nepal,2032.0,3844.0,111.0,-2.08837869543885
0.0,Netherlands,-29824.0,-61298.0,6.0,-3.79863599268334
0.0,New Zealand,-12778.0,-11649.0,-16.0,0.98096509294345
0.0,Nicaragua,43234.0,69785.0,-11.0,-1.97732939329578
0.0,Niger,3580.0,13787.0,-234.0,1.50000554259205
0.0,Nigeria,3997.0,6346.0,34.0,-1.79425308233591
0.0,Norway,-69046.0,-48341.0,-5.0,-0.76586036472996
0.0,Pakistan,12285.0,34023.0,-32.0,0.525527438790377
0.0,Panama,-3088.0,-6150.0,-6.0,-17.9493316725846
0.0,Papua New Guinea,11217.0,79275.0,-247.0,-3.878818537374
0.0,Paraguay,-2961.0,-4722.0,205.0,-0.999999999994245
0.0,Peru,7800.0,15042.0,-20.0,-11.1488118768393
0.0,Philippines,5175.0,15511.0,-25.0,-9.57302987461006
0.0,Poland,5311.0,-21873.0,17.0,-2.70170919482509
0.0,Portugal,-2331.0,20273.0,-3.0,-7.57277776605211
0.0,Puerto Rico,43050.0,57273.0,-32.0,-3.90330519298465
0.0,Qatar,-41615.0,-12200.0,30.0,-3.66783552589879
0.0,Romania,75343.0,87875.0,-4.0,-3.85937359255286
0.0,Rwanda,49461.0,48176.0,-26.0,-3.35547212198846
0.0,Samoa,-3724.0,31536.0,6.0,-2.74256739608303
0.0,Sao Tome and Principe,7064.0,63839.0,-11.0,3.08972555522433
0.0,Saudi Arabia,-9119.0,-24881.0,-28.0,-4.10658341159909
0.0,Senegal,19588.0,56494.0,-45.0,0.870408531926302
0.0,Serbia,-1786.0,-1823.0,52.0,-0.979714616234148
0.0,Seychelles,-2265.0,21031.0,-8.0,-10.7204870650812
0.0,Sierra Leone,23352.0,22318.0,-18.0,-2.16249723146613
0.0,Singapore,-146634.0,-139732.0,32.0,-5.39102140610559
0.0,Slovenia,5748.0,9906.0,-1.0,-4.22926138908075
0.0,Solomon Islands,22773.0,59192.0,-185.0,-4.31726002703921
0.0,Somalia,-1761.0,2348.0,149.0,-1.49516270888303
0.0,South Africa,-2577.0,-6230.0,32.0,-6.95960445218964
0.0,Spain,-55043.0,-55147.0,1.0,-10.8228864939664
0.0,Sri Lanka,92851.0,100627.0,-9.0,-3.5690761372374
0.0,Sudan,3110.0,12245.0,-108.0,-1.56216179984276
0.0,Suriname,1827.0,-1375.0,43.0,-14.5
0.0,Sweden,-70899.0,-85064.0,77.0,-2.79533514243728
0.0,Switzerland,42600.0,18833.0,0.0,-2.39282604159746
0.0,Tajikistan,22231.0,66863.0,-43.0,4.49999951669761
0.0,Thailand,-80477.0,-95429.0,23.0,-6.08722028505679
0.0,Timor-Leste,3352.0,15632.0,-224.0,-8.70254848621823
0.0,Togo,10897.0,-3334.0,0.0,1.75280074920752
0.0,Trinidad and Tobago,-18033.0,-33059.0,30.0,-7.83187649658342
0.0,Tunisia,39670.0,64521.0,-34.0,-8.60031028272616
0.0,Turkey,-2452.0,-7613.0,6.0,1.7566507625293
0.0,Turks and Caicos Islands,-7103.0,-15792.0,62.0,-26.8000042915066
0.0,Uganda,5129.0,17382.0,-20.0,2.85758127391374
0.0,Ukraine,-23534.0,-20234.0,20.0,-4.02031771396206
0.0,United Kingdom,75048.0,110845.0,-23.0,-9.79024036173693
0.0,United States,-20037.0,-90063.0,-8.0,-3.48614040819797
0.0,Uruguay,-65.0,6920.0,-7.0,-5.85872124345026
0.0,Uzbekistan,-5433.0,16234.0,-15.0,1.64779710168759
0.0,Vanuatu,21932.0,21484.0,-112.0,-9.23532846095011
0.0,Zambia,-4474.0,-4522.0,62.0,-3.01618890347348
0.0,Zimbabwe,-1228.0,781.0,-3.0,-7.99999999999999
0.0,Afghanistan,-198.0,1151.0,-17.0,-1.9347782488959
0.0,Albania,4953.0,8985.0,-1.0,-3.31123944391327
0.0,Algeria,425.0,5123.0,-4.0,-5.48099193515836
0.0,Andorra,19980.0,22565.0,-1.0,-11.9560584192697
0.0,Angola,1511.0,798.0,3.0,-4.04051000025351
0.0,Antigua and Barbuda,2931.0,4236.0,-10.0,-15.9735096410208
0.0,Argentina,5765.0,7503.0,-10.0,-9.90523485573888
0.0,Armenia,3537.0,5556.0,-2.0,-7.59999999999999
0.0,Australia,1832.0,17237.0,3.0,-0.284839297785609
0.0,Austria,3391.0,12185.0,-3.0,-6.25903481882027
0.0,Azerbaijan,2609.0,2596.0,2.0,-4.30998913316057
0.0,Bahrain,4558.0,34146.0,-3.0,-5.81468342829542
0.0,Bangladesh,4036.0,8212.0,-10.0,2.37552165571601
0.0,Barbados,6033.0,33703.0,0.0,-17.6053641017878
0.0,Belarus,4468.0,6428.0,-2.0,-0.900000000246891
0.0,Belgium,1725.0,23749.0,-1.0,-6.28392995127165
0.0,Belize,1351.0,1511.0,1.0,-14.0384211620734
0.0,Benin,2685.0,3984.0,-17.0,3.84879240030133
0.0,Bhutan,2230.0,2484.0,-10.0,-6.77210161101478
0.0,Bolivia,2062.0,4872.0,-7.0,-7.82328995009992
0.0,Bosnia and Herzegovina,956.0,3085.0,-2.0,-4.32734580579653
0.0,Botswana,213.0,954.0,-1.0,-7.89305358895749
0.0,Brazil,18027.0,25973.0,-5.0,-4.05904827267295
0.0,Brunei Darussalam,8009.0,11082.0,0.0,1.20300193904603
0.0,Bulgaria,7293.0,10141.0,-1.0,-4.15370282988493
0.0,Burkina Faso,827.0,9457.0,-58.0,2.02238469536866
0.0,Burundi,3614.0,5663.0,-1.0,0.297577119233125
0.0,Cambodia,1643.0,2870.0,-2.0,-3.14103480632566
0.0,Cameroon,537.0,3543.0,26.0,0.730339198197697
0.0,Canada,11709.0,33454.0,-5.0,-5.31294474285987
0.0,Central African Republic,13558.0,7174.0,-61.0,0.0
0.0,Chad,14117.0,13816.0,89.0,-0.890209999072951
0.0,Chile,46060.0,58715.0,-6.0,-5.77150166876176
0.0,China,8852.0,45071.0,-1.0,2.29999999995441
0.0,Colombia,5260.0,10190.0,-21.0,-6.8473142056573
0.0,Comoros,-2057.0,26998.0,-90.0,4.91077747534176
0.0,Costa Rica,3202.0,10937.0,-6.0,-4.53996591674169
0.0,Cote d'Ivoire,437.0,12980.0,8.0,1.81644146095073
0.0,Croatia,4411.0,8282.0,-4.0,-8.36737821725714
0.0,Cyprus,4062.0,9892.0,-2.0,-5.10347951905253
0.0,Czech Republic,4659.0,12327.0,-1.0,-5.79357128432328
0.0,Denmark,27348.0,45620.0,-2.0,-2.06212495876164
0.0,Djibouti,1432.0,813.0,-13.0,0.499999999999986
0.0,Dominica,-1608.0,4986.0,4.0,-16.7091602926228
0.0,Dominican Republic,2078.0,3491.0,-8.0,-6.72023937283404
0.0,Ecuador,7266.0,8175.0,-20.0,-7.75012337710913
0.0,El Salvador,1482.0,4841.0,-19.0,-7.94398461326071
0.0,Equatorial Guinea,-1928.0,-854.0,25.0,-4.89335647440198
0.0,Estonia,9015.0,13397.0,-1.0,-2.95106931268964
0.0,Ethiopia,686.0,1356.0,-7.0,6.05661779202561
0.0,Fiji,1840.0,2687.0,-7.0,-19.0487564856799
0.0,Finland,10199.0,27684.0,-2.0,-2.87069059271343
0.0,France,29979.0,44260.0,-5.0,-7.85525603703762
0.0,Gabon,-1587.0,-4872.0,-7.0,-1.32393655297315
0.0,Georgia,-293.0,361.0,-2.0,-6.15967292756974
0.0,Germany,5342.0,19709.0,-1.0,-4.56961671737398
0.0,Ghana,547.0,2210.0,-6.0,0.414443468055197
0.0,Greece,778.0,4166.0,-15.0,-8.24773611483073
0.0,Grenada,3522.0,8278.0,-2.0,-11.2307582271741
0.0,Guatemala,1965.0,4963.0,-17.0,-1.51932802919289
0.0,Guinea,2609.0,6241.0,-29.0,6.98855997075241
0.0,Guinea-Bissau,-1364.0,-876.0,45.0,-2.39999999921721
0.0,Guyana,4257.0,12568.0,-5.0,43.4795146332261
0.0,Haiti,2019.0,4509.0,-1.0,-3.37375049597422
0.0,Honduras,2778.0,5245.0,-9.0,-8.96476018404584
0.0,Hungary,19630.0,37613.0,-2.0,-4.95674851669689
0.0,Iceland,23164.0,32017.0,0.0,-6.50391225040894
0.0,India,16742.0,16922.0,-9.0,-7.9646104111382
0.0,Indonesia,1095.0,3315.0,-1.0,-2.06954349906437
0.0,Iraq,2391.0,4485.0,-1.0,-10.3650901764239
0.0,Ireland,5403.0,29866.0,-7.0,5.86697550911293
0.0,Israel,7246.0,41793.0,-5.0,-2.44001079210835
0.0,Italy,5735.0,13897.0,-5.0,-8.87114634766792
0.0,Jamaica,6186.0,2774.0,0.0,-10.2
0.0,Japan,19933.0,57259.0,-5.0,-5.80990557067783
0.0,Jordan,6441.0,9289.0,-3.0,-1.5513843252939
0.0,Kazakhstan,6180.0,7455.0,-8.0,-2.60000000027189
0.0,Kenya,1195.0,2464.0,-12.0,-0.307497490498449
0.0,Latvia,-6399.0,-8526.0,-7.0,-3.62368391569032
0.0,Lebanon,37484.0,47578.0,-16.0,-20.2999931945589
0.0,Lesotho,-1607.0,-1729.0,15.0,-11.0609937385315
0.0,Liberia,5043.0,6919.0,-20.0,-2.87072242804096
0.0,Lithuania,31173.0,61415.0,-10.0,-0.871905539751921
0.0,Luxembourg,-5679.0,-24751.0,6.0,-1.31320454303741
0.0,Madagascar,101232.0,130327.0,-13.0,-4.20000207447691
0.0,Malawi,23817.0,22236.0,-31.0,0.799999999999955
0.0,Malaysia,-21110.0,-38266.0,-1.0,-5.58774467806195
0.0,Maldives,25126.0,59839.0,8.0,-31.9820637101164
0.0,Mali,6066.0,-187.0,-51.0,-1.64926140079287
0.0,Malta,-8562.0,-56520.0,28.0,-7.00112961514149
0.0,Mauritania,20883.0,34478.0,-79.0,-1.48848721412935
0.0,Mauritius,-5469.0,-9339.0,84.0,-14.867831289276
0.0,Mexico,-5527.0,-2912.0,241.0,-8.23947327731744
0.0,Mongolia,43738.0,65997.0,25.0,-5.33555201697223
0.0,Montenegro,17283.0,-7246.0,3.0,-15.158984433142
0.0,Morocco,1419.0,5830.0,-28.0,-7.11723216887476
0.0,Mozambique,6378.0,15445.0,6.0,-1.28188697176552
0.0,Namibia,620.0,-944.0,-25.0,-7.98354382508364
0.0,Nepal,-14213.0,-12697.0,155.0,-2.08837869543885
0.0,Netherlands,-29307.0,-59764.0,1.0,-3.79863599268334
0.0,New Zealand,-15618.0,-13585.0,-11.0,0.98096509294345
0.0,Nicaragua,44131.0,74667.0,-1.0,-1.97732939329578
0.0,Niger,2611.0,14998.0,-208.0,1.50000554259205
0.0,Nigeria,776.0,1680.0,7.0,-1.79425308233591
0.0,Norway,-56838.0,-29116.0,-4.0,-0.76586036472996
0.0,Pakistan,14957.0,45673.0,-26.0,0.525527438790377
0.0,Panama,-3735.0,-2517.0,-14.0,-17.9493316725846
0.0,Papua New Guinea,8578.0,79576.0,-206.0,-3.878818537374
0.0,Paraguay,-1946.0,-2119.0,222.0,-0.999999999994245
0.0,Peru,8104.0,16757.0,-18.0,-11.1488118768393
0.0,Philippines,7317.0,17723.0,-25.0,-9.57302987461006
0.0,Poland,9662.0,-18064.0,14.0,-2.70170919482509
0.0,Portugal,-1280.0,22480.0,-2.0,-7.57277776605211
0.0,Puerto Rico,37670.0,54423.0,-16.0,-3.90330519298465
0.0,Qatar,-32505.0,-4668.0,32.0,-3.66783552589879
0.0,Romania,75032.0,91736.0,-7.0,-3.85937359255286
0.0,Rwanda,48575.0,46813.0,-23.0,-3.35547212198846
0.0,Samoa,-4232.0,36292.0,1.0,-2.74256739608303
0.0,Sao Tome and Principe,11240.0,60565.0,-2.0,3.08972555522433
0.0,Saudi Arabia,-11226.0,-32161.0,-23.0,-4.10658341159909
0.0,Senegal,20262.0,57214.0,-27.0,0.870408531926302
0.0,Serbia,-3461.0,-8097.0,39.0,-0.979714616234148
0.0,Seychelles,-10559.0,13113.0,1.0,-10.7204870650812
0.0,Sierra Leone,19328.0,17468.0,-29.0,-2.16249723146613
0.0,Singapore,-154688.0,-148207.0,29.0,-5.39102140610559
0.0,Slovenia,4428.0,7672.0,3.0,-4.22926138908075
0.0,Solomon Islands,25266.0,58834.0,-213.0,-4.31726002703921
0.0,Somalia,-4094.0,5170.0,142.0,-1.49516270888303
0.0,South Africa,-2494.0,-6078.0,19.0,-6.95960445218964
0.0,Spain,-54721.0,-53043.0,-2.0,-10.8228864939664
0.0,Sri Lanka,89004.0,93938.0,-1.0,-3.5690761372374
0.0,Sudan,3676.0,10912.0,-105.0,-1.56216179984276
0.0,Suriname,1434.0,-2088.0,43.0,-14.5
0.0,Sweden,-69361.0,-86927.0,81.0,-2.79533514243728
0.0,Switzerland,40936.0,15574.0,1.0,-2.39282604159746
0.0,Tajikistan,22509.0,70617.0,-32.0,4.49999951669761
0.0,Thailand,-85524.0,-97563.0,19.0,-6.08722028505679
0.0,Timor-Leste,-484.0,13130.0,-53.0,-8.70254848621823
0.0,Togo,9378.0,-3745.0,-6.0,1.75280074920752
0.0,Trinidad and Tobago,-9512.0,-27840.0,50.0,-7.83187649658342
0.0,Tunisia,42259.0,66684.0,-34.0,-8.60031028272616
0.0,Turkey,-2012.0,-7915.0,11.0,1.7566507625293
0.0,Turks and Caicos Islands,-5760.0,-16133.0,29.0,-26.8000042915066
0.0,Uganda,3968.0,22944.0,2.0,2.85758127391374
0.0,Ukraine,-26226.0,-21954.0,31.0,-4.02031771396206
0.0,United Kingdom,88564.0,134677.0,-21.0,-9.79024036173693
0.0,United States,-22405.0,-96992.0,9.0,-3.48614040819797
0.0,Uruguay,-5561.0,51782.0,139.0,-5.85872124345026
0.0,Uzbekistan,-6411.0,17096.0,-6.0,1.64779710168759
0.0,Vanuatu,7410.0,30167.0,-189.0,-9.23532846095011
0.0,Zambia,6333.0,11405.0,8.0,-3.01618890347348
0.0,Zimbabwe,-7951.0,-6368.0,86.0,-7.99999999999999
0.0,Afghanistan,-190.0,1530.0,-6.0,-1.9347782488959
0.0,Albania,4716.0,9231.0,-5.0,-3.31123944391327
0.0,Algeria,614.0,5156.0,-2.0,-5.48099193515836
0.0,Andorra,-7728.0,-3073.0,3.0,-11.9560584192697
0.0,Angola,1671.0,3916.0,8.0,-4.04051000025351
0.0,Antigua and Barbuda,2042.0,5230.0,-21.0,-15.9735096410208
0.0,Argentina,6353.0,8835.0,-7.0,-9.90523485573888
0.0,Armenia,5489.0,7526.0,-1.0,-7.59999999999999
0.0,Australia,1031.0,16341.0,5.0,-0.284839297785609
0.0,Austria,3398.0,13075.0,-1.0,-6.25903481882027
0.0,Azerbaijan,2785.0,3757.0,-7.0,-4.30998913316057
0.0,Bahrain,4379.0,28466.0,-3.0,-5.81468342829542
0.0,Bangladesh,4238.0,8667.0,-5.0,2.37552165571601
0.0,Barbados,5971.0,41849.0,0.0,-17.6053641017878
0.0,Belarus,6538.0,10115.0,-4.0,-0.900000000246891
0.0,Belgium,1812.0,23116.0,1.0,-6.28392995127165
0.0,Belize,1793.0,3677.0,3.0,-14.0384211620734
0.0,Benin,780.0,1545.0,2.0,3.84879240030133
0.0,Bhutan,1157.0,1808.0,8.0,-6.77210161101478
0.0,Bolivia,1862.0,4773.0,-1.0,-7.82328995009992
0.0,Bosnia and Herzegovina,893.0,2999.0,0.0,-4.32734580579653
0.0,Botswana,314.0,2597.0,2.0,-7.89305358895749
0.0,Brazil,20835.0,30597.0,-7.0,-4.05904827267295
0.0,Brunei Darussalam,2129.0,-6629.0,-247.0,1.20300193904603
0.0,Bulgaria,6721.0,11508.0,1.0,-4.15370282988493
0.0,Burkina Faso,536.0,11845.0,-74.0,2.02238469536866
0.0,Burundi,-1131.0,1623.0,-3.0,0.297577119233125
0.0,Cambodia,1865.0,3537.0,-3.0,-3.14103480632566
0.0,Cameroon,1885.0,3806.0,12.0,0.730339198197697
0.0,Canada,13243.0,35567.0,-3.0,-5.31294474285987
0.0,Central African Republic,-511.0,-531.0,430.0,0.0
0.0,Chad,4041.0,263.0,-8.0,-0.890209999072951
0.0,Chile,52392.0,70124.0,-4.0,-5.77150166876176
0.0,China,9721.0,51639.0,2.0,2.29999999995441
0.0,Colombia,7016.0,12251.0,-16.0,-6.8473142056573
0.0,Comoros,-1876.0,1669.0,25.0,4.91077747534176
0.0,Costa Rica,8219.0,12865.0,-5.0,-4.53996591674169
0.0,Cote d'Ivoire,3441.0,20121.0,-9.0,1.81644146095073
0.0,Croatia,7661.0,13783.0,-4.0,-8.36737821725714
0.0,Cyprus,2989.0,8456.0,0.0,-5.10347951905253
0.0,Czech Republic,6477.0,14530.0,-1.0,-5.79357128432328
0.0,Denmark,21317.0,38334.0,-1.0,-2.06212495876164
0.0,Djibouti,4181.0,2267.0,-4.0,0.499999999999986
0.0,Dominica,26176.0,27402.0,1.0,-16.7091602926228
0.0,Dominican Republic,2066.0,3936.0,-8.0,-6.72023937283404
0.0,Ecuador,8461.0,9818.0,-18.0,-7.75012337710913
0.0,El Salvador,1136.0,4414.0,-14.0,-7.94398461326071
0.0,Equatorial Guinea,-1138.0,-80.0,12.0,-4.89335647440198
0.0,Estonia,10310.0,14434.0,0.0,-2.95106931268964
0.0,Ethiopia,146.0,776.0,19.0,6.05661779202561
0.0,Fiji,4407.0,3910.0,4.0,-19.0487564856799
0.0,Finland,13152.0,32583.0,-1.0,-2.87069059271343
0.0,France,30330.0,46936.0,-1.0,-7.85525603703762
0.0,Gabon,-3669.0,-4663.0,9.0,-1.32393655297315
0.0,Georgia,-15719.0,-10841.0,38.0,-6.15967292756974
0.0,Germany,-247.0,-47789.0,-1.0,-4.56961671737398
0.0,Ghana,3723.0,57315.0,-17.0,0.414443468055197
0.0,Greece,64453.0,88093.0,-36.0,-8.24773611483073
0.0,Grenada,458.0,-18985.0,15.0,-11.2307582271741
0.0,Guatemala,2679.0,38265.0,-18.0,-1.51932802919289
0.0,Guinea,-211.0,19388.0,-37.0,6.98855997075241
0.0,Guinea-Bissau,1250.0,1068.0,-4.0,-2.39999999921721
0.0,Guyana,-4163.0,-16835.0,49.0,43.4795146332261
0.0,Haiti,4539.0,23841.0,1.0,-3.37375049597422
0.0,Honduras,47222.0,111967.0,-22.0,-8.96476018404584
0.0,Hungary,95445.0,96693.0,-3.0,-4.95674851669689
0.0,Iceland,-65734.0,-14332.0,11.0,-6.50391225040894
0.0,India,119093.0,140015.0,-20.0,-7.9646104111382
0.0,Indonesia,39824.0,33481.0,-5.0,-2.06954349906437
0.0,Iraq,-10247.0,-1783.0,21.0,-10.3650901764239
0.0,Ireland,-1229.0,-39748.0,-3.0,5.86697550911293
0.0,Israel,1773.0,-1091.0,6.0,-2.44001079210835
0.0,Italy,10995.0,81341.0,-18.0,-8.87114634766792
0.0,Jamaica,10690.0,25834.0,-7.0,-10.2
0.0,Japan,-84722.0,-49322.0,3.0,-5.80990557067783
0.0,Jordan,137578.0,145288.0,-30.0,-1.5513843252939
0.0,Kazakhstan,16152.0,22931.0,-10.0,-2.60000000027189
0.0,Kenya,9932.0,12721.0,-7.0,-0.307497490498449
0.0,Kiribati,11225.0,4114.0,-739.0,2.53807106598984
0.0,Latvia,-3434.0,-4059.0,-7.0,-3.62368391569032
0.0,Lebanon,42034.0,54209.0,-14.0,-20.2999931945589
0.0,Lesotho,-5998.0,-5829.0,14.0,-11.0609937385315
0.0,Liberia,3371.0,6656.0,-17.0,-2.87072242804096
0.0,Lithuania,42851.0,71665.0,-10.0,-0.871905539751921
0.0,Luxembourg,-2610.0,-26234.0,6.0,-1.31320454303741
0.0,Madagascar,106450.0,138479.0,-12.0,-4.20000207447691
0.0,Malawi,22224.0,22437.0,-26.0,0.799999999999955
0.0,Malaysia,-22754.0,-42087.0,-3.0,-5.58774467806195
0.0,Maldives,24278.0,63765.0,9.0,-31.9820637101164
0.0,Mali,9409.0,1978.0,-27.0,-1.64926140079287
0.0,Malta,-8915.0,-63577.0,28.0,-7.00112961514149
0.0,Mauritania,21603.0,38467.0,-63.0,-1.48848721412935
0.0,Mauritius,-5519.0,-9733.0,88.0,-14.867831289276
0.0,Mexico,-5705.0,-2457.0,238.0,-8.23947327731744
0.0,Mongolia,63248.0,101378.0,45.0,-5.33555201697223
0.0,Montenegro,18986.0,-7001.0,1.0,-15.158984433142
0.0,Morocco,11570.0,43626.0,-29.0,-7.11723216887476
0.0,Mozambique,7392.0,17487.0,2.0,-1.28188697176552
0.0,Namibia,1024.0,-1047.0,-28.0,-7.98354382508364
0.0,Nepal,-17616.0,-15046.0,483.0,-2.08837869543885
0.0,Netherlands,-32615.0,-67322.0,3.0,-3.79863599268334
0.0,New Zealand,-20313.0,-20085.0,-10.0,0.98096509294345
0.0,Nicaragua,51965.0,90366.0,-3.0,-1.97732939329578
0.0,Niger,1257.0,15798.0,-192.0,1.50000554259205
0.0,Nigeria,-1045.0,-3461.0,36.0,-1.79425308233591
0.0,Norway,-82578.0,-62745.0,3.0,-0.76586036472996
0.0,Pakistan,17804.0,50214.0,-21.0,0.525527438790377
0.0,Panama,-2257.0,-516.0,-6.0,-17.9493316725846
0.0,Papua New Guinea,13093.0,91291.0,-176.0,-3.878818537374
0.0,Paraguay,-4657.0,-6992.0,257.0,-0.999999999994245
0.0,Peru,5032.0,17904.0,-14.0,-11.1488118768393
0.0,Philippines,8108.0,18706.0,-20.0,-9.57302987461006
0.0,Poland,7299.0,-22671.0,12.0,-2.70170919482509
0.0,Portugal,-2666.0,20142.0,-1.0,-7.57277776605211
0.0,Puerto Rico,44464.0,67116.0,-21.0,-3.90330519298465
0.0,Qatar,-30092.0,-7523.0,32.0,-3.66783552589879
0.0,Romania,74916.0,88828.0,-6.0,-3.85937359255286
0.0,Rwanda,50545.0,49971.0,-14.0,-3.35547212198846
0.0,Samoa,-5742.0,53328.0,-13.0,-2.74256739608303
0.0,Sao Tome and Principe,8094.0,77007.0,5.0,3.08972555522433
0.0,Saudi Arabia,-14006.0,-42340.0,-6.0,-4.10658341159909
0.0,Senegal,20659.0,58342.0,-23.0,0.870408531926302
0.0,Serbia,-3752.0,-7992.0,38.0,-0.979714616234148
0.0,Seychelles,-5374.0,19742.0,-38.0,-10.7204870650812
0.0,Sierra Leone,22120.0,20678.0,-20.0,-2.16249723146613
0.0,Singapore,-164963.0,-159856.0,26.0,-5.39102140610559
0.0,Slovenia,3354.0,9761.0,3.0,-4.22926138908075
0.0,Solomon Islands,26781.0,67006.0,-81.0,-4.31726002703921
0.0,Somalia,-1792.0,4586.0,70.0,-1.49516270888303
0.0,South Africa,-3611.0,-7242.0,33.0,-6.95960445218964
0.0,Spain,-69374.0,-66814.0,6.0,-10.8228864939664
0.0,Sri Lanka,111903.0,117696.0,-8.0,-3.5690761372374
0.0,Sudan,4173.0,13295.0,-86.0,-1.56216179984276
0.0,Suriname,2079.0,-1413.0,76.0,-14.5
0.0,Sweden,-78258.0,-97857.0,70.0,-2.79533514243728
0.0,Switzerland,47268.0,18133.0,2.0,-2.39282604159746
0.0,Tajikistan,24424.0,77669.0,-26.0,4.49999951669761
0.0,Thailand,-98883.0,-111768.0,21.0,-6.08722028505679
0.0,Timor-Leste,5755.0,18667.0,-57.0,-8.70254848621823
0.0,Togo,5178.0,-3428.0,20.0,1.75280074920752
0.0,Trinidad and Tobago,-22430.0,-37966.0,83.0,-7.83187649658342
0.0,Tunisia,48082.0,70261.0,-40.0,-8.60031028272616
0.0,Turkey,-2427.0,-8563.0,13.0,1.7566507625293
0.0,Turks and Caicos Islands,-8882.0,-18291.0,-10.0,-26.8000042915066
0.0,Uganda,8150.0,24316.0,20.0,2.85758127391374
0.0,Ukraine,-28880.0,-24106.0,31.0,-4.02031771396206
0.0,United Kingdom,95785.0,132763.0,-17.0,-9.79024036173693
0.0,United States,-26329.0,-111287.0,16.0,-3.48614040819797
0.0,Uruguay,11239.0,48991.0,-5.0,-5.85872124345026
0.0,Uzbekistan,12638.0,14300.0,-18.0,1.64779710168759
0.0,Vanuatu,5428.0,4280.0,-24.0,-9.23532846095011
0.0,Zambia,-1105.0,-2711.0,53.0,-3.01618890347348
0.0,Zimbabwe,-1826.0,153.0,25.0,-7.99999999999999
1.0,Afghanistan,-514.0,-1018.0,8.0,-1.9347782488959
1.0,Albania,763.0,-1888.0,-1.0,-3.31123944391327
1.0,Algeria,2588.0,5549.0,-24.0,-5.48099193515836
1.0,Andorra,1722.0,30752.0,-14.0,-11.9560584192697
1.0,Angola,888.0,-1026.0,3.0,-4.04051000025351
1.0,Antigua and Barbuda,1228.0,935.0,15.0,-15.9735096410208
1.0,Argentina,75.0,1432.0,-3.0,-9.90523485573888
1.0,Armenia,-203.0,1246.0,-4.0,-7.59999999999999
1.0,Australia,605.0,21625.0,-1.0,-0.284839297785609
1.0,Austria,365.0,3443.0,-4.0,-6.25903481882027
1.0,Azerbaijan,810.0,5957.0,-5.0,-4.30998913316057
1.0,Bahrain,993.0,25030.0,0.0,-5.81468342829542
1.0,Bangladesh,317.0,-484.0,-7.0,2.37552165571601
1.0,Barbados,6104.0,5266.0,-11.0,-17.6053641017878
1.0,Belarus,30.0,1937.0,-2.0,-0.900000000246891
1.0,Belgium,858.0,11070.0,-4.0,-6.28392995127165
1.0,Belize,-908.0,-2730.0,2.0,-14.0384211620734
1.0,Benin,1942.0,1684.0,-25.0,3.84879240030133
1.0,Bhutan,-258.0,33.0,-12.0,-6.77210161101478
1.0,Bolivia,58.0,-440.0,-3.0,-7.82328995009992
1.0,Bosnia and Herzegovina,299.0,-176.0,-1.0,-4.32734580579653
1.0,Botswana,3951.0,2468.0,-13.0,-7.89305358895749
1.0,Brazil,1095.0,3712.0,-8.0,-4.05904827267295
1.0,Brunei Darussalam,4652.0,10413.0,-2.0,1.20300193904603
1.0,Bulgaria,579.0,13482.0,-4.0,-4.15370282988493
1.0,Burkina Faso,748.0,-2301.0,17.0,2.02238469536866
1.0,Burundi,-308.0,-3722.0,-7.0,0.297577119233125
1.0,Cambodia,-367.0,837.0,-8.0,-3.14103480632566
1.0,Cameroon,620.0,1240.0,2.0,0.730339198197697
1.0,Canada,894.0,11991.0,-3.0,-5.31294474285987
1.0,Central African Republic,-1391.0,-3745.0,32.0,0.0
1.0,Chad,2905.0,3332.0,23.0,-0.890209999072951
1.0,Chile,-285.0,-1876.0,-3.0,-5.77150166876176
1.0,China,10692.0,76200.0,-6.0,2.29999999995441
1.0,Colombia,-1360.0,-3094.0,5.0,-6.8473142056573
1.0,Comoros,-26.0,-13281.0,21.0,4.91077747534176
1.0,Costa Rica,683.0,6355.0,-15.0,-4.53996591674169
1.0,Cote d'Ivoire,895.0,2460.0,-2.0,1.81644146095073
1.0,Croatia,-121.0,6175.0,-5.0,-8.36737821725714
1.0,Cyprus,4281.0,26146.0,-10.0,-5.10347951905253
1.0,Czech Republic,935.0,4689.0,2.0,-5.79357128432328
1.0,Denmark,3104.0,25327.0,-3.0,-2.06212495876164
1.0,Djibouti,-4182.0,-8880.0,6.0,0.499999999999986
1.0,Dominica,57.0,4999.0,43.0,-16.7091602926228
1.0,Dominican Republic,379.0,479.0,1.0,-6.72023937283404
1.0,Ecuador,402.0,2097.0,-3.0,-7.75012337710913
1.0,El Salvador,2661.0,5404.0,-13.0,-7.94398461326071
1.0,Equatorial Guinea,-2607.0,-1378.0,-13.0,-4.89335647440198
1.0,Estonia,477.0,3808.0,1.0,-2.95106931268964
1.0,Ethiopia,-405.0,-5911.0,22.0,6.05661779202561
1.0,Fiji,-1043.0,-1963.0,-8.0,-19.0487564856799
1.0,Finland,1442.0,16428.0,-3.0,-2.87069059271343
1.0,France,887.0,9628.0,-3.0,-7.85525603703762
1.0,Gabon,1146.0,1123.0,-45.0,-1.32393655297315
1.0,Georgia,1513.0,7203.0,-7.0,-6.15967292756974
1.0,Germany,2339.0,15000.0,-5.0,-4.56961671737398
1.0,Ghana,-2131.0,-4241.0,-17.0,0.414443468055197
1.0,Greece,561.0,6179.0,-2.0,-8.24773611483073
1.0,Grenada,2787.0,9465.0,9.0,-11.2307582271741
1.0,Guatemala,1480.0,5683.0,-8.0,-1.51932802919289
1.0,Guinea,2764.0,-814.0,-22.0,6.98855997075241
1.0,Guinea-Bissau,-1369.0,-2745.0,-14.0,-2.39999999921721
1.0,Guyana,5254.0,16599.0,7.0,43.4795146332261
1.0,Haiti,-419.0,-1167.0,11.0,-3.37375049597422
1.0,Honduras,-461.0,-57.0,-6.0,-8.96476018404584
1.0,Hungary,-320.0,-278.0,0.0,-4.95674851669689
1.0,Iceland,737.0,13785.0,-13.0,-6.50391225040894
1.0,India,-175.0,-299.0,-2.0,-7.9646104111382
1.0,Indonesia,1147.0,592.0,-7.0,-2.06954349906437
1.0,Iraq,9017.0,17597.0,-34.0,-10.3650901764239
1.0,Ireland,1188.0,6627.0,-1.0,5.86697550911293
1.0,Israel,423.0,6356.0,-7.0,-2.44001079210835
1.0,Italy,289.0,6701.0,-3.0,-8.87114634766792
1.0,Jamaica,405.0,3004.0,-10.0,-10.2
1.0,Japan,1430.0,1569.0,-8.0,-5.80990557067783
1.0,Jordan,1131.0,4025.0,-4.0,-1.5513843252939
1.0,Kazakhstan,116.0,286.0,-1.0,-2.60000000027189
1.0,Kenya,985.0,2169.0,-2.0,-0.307497490498449
1.0,Kiribati,-2809.0,-2293.0,404.0,2.53807106598984
1.0,Latvia,-75.0,458.0,-1.0,-3.62368391569032
1.0,Lebanon,236.0,-3970.0,0.0,-20.2999931945589
1.0,Lesotho,2412.0,-4761.0,-1.0,-11.0609937385315
1.0,Liberia,-7023.0,-14111.0,-1.0,-2.87072242804096
1.0,Lithuania,565.0,4293.0,0.0,-0.871905539751921
1.0,Luxembourg,1688.0,14864.0,-1.0,-1.31320454303741
1.0,Madagascar,5488.0,8727.0,-31.0,-4.20000207447691
1.0,Malawi,2102.0,8573.0,-6.0,0.799999999999955
1.0,Malaysia,-538.0,139.0,-1.0,-5.58774467806195
1.0,Maldives,-2082.0,3916.0,0.0,-31.9820637101164
1.0,Mali,424.0,-2497.0,2.0,-1.64926140079287
1.0,Malta,-1143.0,1289.0,-7.0,-7.00112961514149
1.0,Mauritania,5308.0,10996.0,-16.0,-1.48848721412935
1.0,Mauritius,1405.0,2542.0,-17.0,-14.867831289276
1.0,Mexico,-2300.0,536.0,289.0,-8.23947327731744
1.0,Mongolia,-6525.0,18919.0,3.0,-5.33555201697223
1.0,Montenegro,-1132.0,-16732.0,17.0,-15.158984433142
1.0,Morocco,-9843.0,-19812.0,42.0,-7.11723216887476
1.0,Mozambique,4205.0,13611.0,-14.0,-1.28188697176552
1.0,Namibia,1121.0,-1408.0,5.0,-7.98354382508364
1.0,Nepal,8350.0,10012.0,161.0,-2.08837869543885
1.0,Netherlands,-2596.0,-48776.0,6.0,-3.79863599268334
1.0,New Zealand,-8635.0,-31456.0,-20.0,0.98096509294345
1.0,Nicaragua,3745.0,32492.0,3.0,-1.97732939329578
1.0,Niger,4358.0,10352.0,-116.0,1.50000554259205
1.0,Nigeria,-124.0,-5109.0,14.0,-1.79425308233591
1.0,Norway,1139.0,16368.0,-2.0,-0.76586036472996
1.0,Pakistan,868.0,2401.0,-11.0,0.525527438790377
1.0,Panama,1727.0,3466.0,-18.0,-17.9493316725846
1.0,Papua New Guinea,-1923.0,-3764.0,-64.0,-3.878818537374
1.0,Paraguay,209.0,2557.0,-9.0,-0.999999999994245
1.0,Peru,-271.0,-85.0,-21.0,-11.1488118768393
1.0,Philippines,-468.0,1764.0,-10.0,-9.57302987461006
1.0,Poland,771.0,10341.0,-2.0,-2.70170919482509
1.0,Portugal,714.0,3483.0,-2.0,-7.57277776605211
1.0,Puerto Rico,2071.0,15702.0,-10.0,-3.90330519298465
1.0,Qatar,5033.0,53387.0,3.0,-3.66783552589879
1.0,Romania,373.0,3691.0,-2.0,-3.85937359255286
1.0,Rwanda,1556.0,4125.0,-10.0,-3.35547212198846
1.0,Samoa,-605.0,16693.0,13.0,-2.74256739608303
1.0,Sao Tome and Principe,18300.0,87848.0,-8.0,3.08972555522433
1.0,Saudi Arabia,-9756.0,-41055.0,-17.0,-4.10658341159909
1.0,Senegal,3971.0,16783.0,-7.0,0.870408531926302
1.0,Serbia,-2204.0,-9461.0,2.0,-0.979714616234148
1.0,Seychelles,-3588.0,-6470.0,5.0,-10.7204870650812
1.0,Sierra Leone,8718.0,35952.0,-17.0,-2.16249723146613
1.0,Singapore,-6890.0,-13628.0,2.0,-5.39102140610559
1.0,Slovenia,1020.0,-14418.0,-6.0,-4.22926138908075
1.0,Solomon Islands,6050.0,1536.0,41.0,-4.31726002703921
1.0,Somalia,340.0,21271.0,-47.0,-1.49516270888303
1.0,South Africa,3452.0,6472.0,8.0,-6.95960445218964
1.0,Spain,-2958.0,-14540.0,-19.0,-10.8228864939664
1.0,Sri Lanka,-2384.0,-8749.0,29.0,-3.5690761372374
1.0,Sudan,8055.0,15860.0,-54.0,-1.56216179984276
1.0,Suriname,2441.0,-10657.0,1.0,-14.5
1.0,Sweden,8921.0,41481.0,-10.0,-2.79533514243728
1.0,Switzerland,-10840.0,-39297.0,33.0,-2.39282604159746
1.0,Tajikistan,8226.0,22390.0,-12.0,4.49999951669761
1.0,Thailand,4254.0,17806.0,-7.0,-6.08722028505679
1.0,Timor-Leste,-402.0,14835.0,-10.0,-8.70254848621823
1.0,Togo,2872.0,-2968.0,0.0,1.75280074920752
1.0,Trinidad and Tobago,6060.0,8955.0,-8.0,-7.83187649658342
1.0,Tunisia,2773.0,12163.0,0.0,-8.60031028272616
1.0,Turkey,-10985.0,-27512.0,17.0,1.7566507625293
1.0,Turks and Caicos Islands,1204.0,-6607.0,-96.0,-26.8000042915066
1.0,Uganda,5090.0,10957.0,8.0,2.85758127391374
1.0,Ukraine,15706.0,145129.0,-24.0,-4.02031771396206
1.0,United Kingdom,-2358.0,-22101.0,5.0,-9.79024036173693
1.0,United States,-1495.0,-11928.0,17.0,-3.48614040819797
1.0,Uruguay,-5970.0,-14919.0,-6.0,-5.85872124345026
1.0,Uzbekistan,3888.0,11339.0,-24.0,1.64779710168759
1.0,Vanuatu,-2110.0,-8745.0,-4.0,-9.23532846095011
1.0,Zambia,-1546.0,-1802.0,-10.0,-3.01618890347348
1.0,Zimbabwe,610.0,-1732.0,1.0,-7.99999999999999
1.0,Afghanistan,-458.0,-384.0,3.0,-1.9347782488959
1.0,Albania,1153.0,-846.0,1.0,-3.31123944391327
1.0,Algeria,3344.0,7553.0,-19.0,-5.48099193515836
1.0,Andorra,7288.0,36636.0,13.0,-11.9560584192697
1.0,Angola,-844.0,-1304.0,-19.0,-4.04051000025351
1.0,Antigua and Barbuda,269.0,3553.0,20.0,-15.9735096410208
1.0,Argentina,618.0,3075.0,-3.0,-9.90523485573888
1.0,Armenia,-2704.0,-3070.0,0.0,-7.59999999999999
1.0,Australia,1325.0,33009.0,1.0,-0.284839297785609
1.0,Austria,630.0,7812.0,0.0,-6.25903481882027
1.0,Azerbaijan,444.0,4837.0,-7.0,-4.30998913316057
1.0,Bahrain,2502.0,30860.0,0.0,-5.81468342829542
1.0,Bangladesh,1518.0,2036.0,2.0,2.37552165571601
1.0,Barbados,-5205.0,-5002.0,10.0,-17.6053641017878
1.0,Belarus,278.0,2790.0,-2.0,-0.900000000246891
1.0,Belgium,160.0,14342.0,-1.0,-6.28392995127165
1.0,Belize,-546.0,-1663.0,-4.0,-14.0384211620734
1.0,Benin,5687.0,10188.0,-39.0,3.84879240030133
1.0,Bhutan,956.0,4168.0,-13.0,-6.77210161101478
1.0,Bolivia,97.0,2077.0,-4.0,-7.82328995009992
1.0,Bosnia and Herzegovina,459.0,1573.0,-2.0,-4.32734580579653
1.0,Botswana,246.0,5166.0,-9.0,-7.89305358895749
1.0,Brazil,1140.0,5099.0,-9.0,-4.05904827267295
1.0,Brunei Darussalam,8284.0,30839.0,-5.0,1.20300193904603
1.0,Bulgaria,-129.0,14128.0,0.0,-4.15370282988493
1.0,Burkina Faso,-1609.0,-4133.0,-52.0,2.02238469536866
1.0,Burundi,-98.0,-941.0,0.0,0.297577119233125
1.0,Cambodia,-596.0,2396.0,-11.0,-3.14103480632566
1.0,Cameroon,3388.0,10801.0,-8.0,0.730339198197697
1.0,Canada,1243.0,10195.0,-1.0,-5.31294474285987
1.0,Central African Republic,-2847.0,-2201.0,47.0,0.0
1.0,Chad,2393.0,-247.0,-22.0,-0.890209999072951
1.0,Chile,83.0,739.0,-4.0,-5.77150166876176
1.0,China,7556.0,53969.0,0.0,2.29999999995441
1.0,Colombia,-467.0,-1970.0,74.0,-6.8473142056573
1.0,Comoros,-4839.0,-15378.0,145.0,4.91077747534176
1.0,Costa Rica,1075.0,6986.0,-8.0,-4.53996591674169
1.0,Cote d'Ivoire,1090.0,2623.0,-6.0,1.81644146095073
1.0,Croatia,904.0,13573.0,-5.0,-8.36737821725714
1.0,Cyprus,11051.0,85584.0,-5.0,-5.10347951905253
1.0,Czech Republic,1189.0,7694.0,3.0,-5.79357128432328
1.0,Denmark,3703.0,30905.0,-2.0,-2.06212495876164
1.0,Djibouti,-6180.0,-10726.0,11.0,0.499999999999986
1.0,Dominica,608.0,8930.0,22.0,-16.7091602926228
1.0,Dominican Republic,1494.0,5895.0,0.0,-6.72023937283404
1.0,Ecuador,496.0,3581.0,-4.0,-7.75012337710913
1.0,El Salvador,2004.0,6264.0,-18.0,-7.94398461326071
1.0,Equatorial Guinea,-2679.0,-5543.0,-13.0,-4.89335647440198
1.0,Estonia,-408.0,7316.0,1.0,-2.95106931268964
1.0,Ethiopia,3826.0,6619.0,14.0,6.05661779202561
1.0,Fiji,-2493.0,-2962.0,6.0,-19.0487564856799
1.0,Finland,1616.0,23830.0,-4.0,-2.87069059271343
1.0,France,914.0,17286.0,-1.0,-7.85525603703762
1.0,Gabon,-203.0,2611.0,-34.0,-1.32393655297315
1.0,Georgia,1561.0,9012.0,-5.0,-6.15967292756974
1.0,Germany,2031.0,17202.0,-4.0,-4.56961671737398
1.0,Ghana,976.0,-1558.0,-11.0,0.414443468055197
1.0,Greece,870.0,17081.0,0.0,-8.24773611483073
1.0,Grenada,3755.0,11748.0,-9.0,-11.2307582271741
1.0,Guatemala,319.0,5398.0,-1.0,-1.51932802919289
1.0,Guinea,147.0,747.0,5.0,6.98855997075241
1.0,Guinea-Bissau,15732.0,22842.0,8.0,-2.39999999921721
1.0,Guyana,7308.0,28632.0,-6.0,43.4795146332261
1.0,Haiti,2246.0,5711.0,15.0,-3.37375049597422
1.0,Honduras,259.0,2341.0,-11.0,-8.96476018404584
1.0,Hungary,144.0,4511.0,0.0,-4.95674851669689
1.0,Iceland,1785.0,59849.0,-4.0,-6.50391225040894
1.0,India,359.0,3214.0,-5.0,-7.9646104111382
1.0,Indonesia,1803.0,3222.0,-9.0,-2.06954349906437
1.0,Iraq,10326.0,23470.0,-35.0,-10.3650901764239
1.0,Ireland,1859.0,14751.0,-2.0,5.86697550911293
1.0,Israel,468.0,13011.0,-10.0,-2.44001079210835
1.0,Italy,756.0,8560.0,-1.0,-8.87114634766792
1.0,Jamaica,-176.0,1315.0,-25.0,-10.2
1.0,Japan,757.0,13262.0,-1.0,-5.80990557067783
1.0,Jordan,-938.0,-2228.0,-6.0,-1.5513843252939
1.0,Kazakhstan,1766.0,6713.0,-5.0,-2.60000000027189
1.0,Kenya,1025.0,2204.0,-2.0,-0.307497490498449
1.0,Kiribati,-795.0,155.0,-69.0,2.53807106598984
1.0,Latvia,133.0,6071.0,-3.0,-3.62368391569032
1.0,Lebanon,-29.0,-683.0,2.0,-20.2999931945589
1.0,Lesotho,-278.0,-1496.0,4.0,-11.0609937385315
1.0,Liberia,-3796.0,-6998.0,0.0,-2.87072242804096
1.0,Lithuania,350.0,10493.0,0.0,-0.871905539751921
1.0,Luxembourg,2490.0,30860.0,2.0,-1.31320454303741
1.0,Madagascar,1832.0,3775.0,18.0,-4.20000207447691
1.0,Malawi,5933.0,17550.0,1.0,0.799999999999955
1.0,Malaysia,93.0,2913.0,-1.0,-5.58774467806195
1.0,Maldives,-1243.0,21908.0,-2.0,-31.9820637101164
1.0,Mali,1072.0,11470.0,2.0,-1.64926140079287
1.0,Malta,-1089.0,6421.0,2.0,-7.00112961514149
1.0,Mauritania,6088.0,12381.0,-29.0,-1.48848721412935
1.0,Mauritius,380.0,688.0,-22.0,-14.867831289276
1.0,Mexico,-3461.0,1660.0,292.0,-8.23947327731744
1.0,Mongolia,-2994.0,62119.0,1.0,-5.33555201697223
1.0,Montenegro,-2940.0,-15944.0,22.0,-15.158984433142
1.0,Morocco,-2366.0,10369.0,9.0,-7.11723216887476
1.0,Mozambique,5164.0,19870.0,-19.0,-1.28188697176552
1.0,Namibia,1674.0,2505.0,5.0,-7.98354382508364
1.0,Nepal,2863.0,10700.0,156.0,-2.08837869543885
1.0,Netherlands,-4119.0,-52273.0,12.0,-3.79863599268334
1.0,New Zealand,-8494.0,-33143.0,-9.0,0.98096509294345
1.0,Nicaragua,4254.0,37582.0,2.0,-1.97732939329578
1.0,Niger,3829.0,11180.0,-109.0,1.50000554259205
1.0,Nigeria,-2100.0,-367.0,49.0,-1.79425308233591
1.0,Norway,-6830.0,-36564.0,-9.0,-0.76586036472996
1.0,Pakistan,7316.0,64058.0,-16.0,0.525527438790377
1.0,Panama,-640.0,7138.0,0.0,-17.9493316725846
1.0,Papua New Guinea,-531.0,-3962.0,-66.0,-3.878818537374
1.0,Paraguay,4417.0,11515.0,44.0,-0.999999999994245
1.0,Peru,-1602.0,722.0,-22.0,-11.1488118768393
1.0,Philippines,6011.0,9509.0,2.0,-9.57302987461006
1.0,Poland,-1410.0,-13610.0,3.0,-2.70170919482509
1.0,Portugal,1054.0,20020.0,0.0,-7.57277776605211
1.0,Puerto Rico,1774.0,8784.0,-23.0,-3.90330519298465
1.0,Qatar,-7975.0,-25252.0,27.0,-3.66783552589879
1.0,Romania,5223.0,39296.0,2.0,-3.85937359255286
1.0,Rwanda,3949.0,12252.0,5.0,-3.35547212198846
1.0,Samoa,-2569.0,8318.0,34.0,-2.74256739608303
1.0,Sao Tome and Principe,10579.0,25795.0,-20.0,3.08972555522433
1.0,Saudi Arabia,-16360.0,-64270.0,-11.0,-4.10658341159909
1.0,Senegal,10913.0,85501.0,-2.0,0.870408531926302
1.0,Serbia,522.0,-2771.0,6.0,-0.979714616234148
1.0,Seychelles,-4682.0,-49826.0,5.0,-10.7204870650812
1.0,Sierra Leone,-3294.0,153.0,-8.0,-2.16249723146613
1.0,Singapore,-6371.0,-24452.0,6.0,-5.39102140610559
1.0,Slovenia,-123.0,1312.0,1.0,-4.22926138908075
1.0,Solomon Islands,5543.0,34009.0,-15.0,-4.31726002703921
1.0,Somalia,-3042.0,3545.0,7.0,-1.49516270888303
1.0,South Africa,1141.0,-15981.0,56.0,-6.95960445218964
1.0,Spain,248.0,7447.0,-15.0,-10.8228864939664
1.0,Sri Lanka,3850.0,25531.0,17.0,-3.5690761372374
1.0,Sudan,3653.0,6178.0,-53.0,-1.56216179984276
1.0,Suriname,-4501.0,-17620.0,17.0,-14.5
1.0,Sweden,428.0,-25007.0,-4.0,-2.79533514243728
1.0,Switzerland,-3933.0,5541.0,8.0,-2.39282604159746
1.0,Tajikistan,10184.0,56719.0,-19.0,4.49999951669761
1.0,Thailand,-5943.0,-11888.0,3.0,-6.08722028505679
1.0,Timor-Leste,13907.0,41652.0,-6.0,-8.70254848621823
1.0,Togo,-1398.0,-16129.0,-1.0,1.75280074920752
1.0,Trinidad and Tobago,5607.0,-4473.0,31.0,-7.83187649658342
1.0,Tunisia,581.0,11221.0,-2.0,-8.60031028272616
1.0,Turkey,907.0,-2282.0,-5.0,1.7566507625293
1.0,Turks and Caicos Islands,-11251.0,-36609.0,-54.0,-26.8000042915066
1.0,Uganda,1259.0,9639.0,110.0,2.85758127391374
1.0,Ukraine,-4524.0,-8761.0,-11.0,-4.02031771396206
1.0,United Kingdom,15330.0,131534.0,-17.0,-9.79024036173693
1.0,United States,-2201.0,-30729.0,3.0,-3.48614040819797
1.0,Uruguay,-5236.0,462.0,31.0,-5.85872124345026
1.0,Uzbekistan,6460.0,17402.0,-15.0,1.64779710168759
1.0,Vanuatu,3672.0,5894.0,-21.0,-9.23532846095011
1.0,Zambia,-7142.0,-10603.0,256.0,-3.01618890347348
1.0,Zimbabwe,-3371.0,-9175.0,45.0,-7.99999999999999
1.0,Afghanistan,-189.0,448.0,7.0,-1.9347782488959
1.0,Albania,-157.0,-425.0,2.0,-3.31123944391327
1.0,Algeria,1998.0,5316.0,-1.0,-5.48099193515836
1.0,Andorra,-351.0,-24935.0,18.0,-11.9560584192697
1.0,Angola,339.0,2015.0,-6.0,-4.04051000025351
1.0,Antigua and Barbuda,131.0,-811.0,19.0,-15.9735096410208
1.0,Argentina,615.0,2267.0,-4.0,-9.90523485573888
1.0,Armenia,-416.0,2939.0,-1.0,-7.59999999999999
1.0,Australia,1138.0,32734.0,1.0,-0.284839297785609
1.0,Austria,289.0,7877.0,0.0,-6.25903481882027
1.0,Azerbaijan,-116.0,1745.0,-3.0,-4.30998913316057
1.0,Bahrain,2388.0,28672.0,0.0,-5.81468342829542
1.0,Bangladesh,1434.0,1740.0,5.0,2.37552165571601
1.0,Barbados,-2822.0,-8341.0,8.0,-17.6053641017878
1.0,Belarus,503.0,2786.0,-1.0,-0.900000000246891
1.0,Belgium,-559.0,9209.0,2.0,-6.28392995127165
1.0,Belize,-1536.0,-2502.0,4.0,-14.0384211620734
1.0,Benin,7431.0,16147.0,-26.0,3.84879240030133
1.0,Bhutan,2533.0,10996.0,-18.0,-6.77210161101478
1.0,Bolivia,687.0,1624.0,1.0,-7.82328995009992
1.0,Bosnia and Herzegovina,603.0,2040.0,3.0,-4.32734580579653
1.0,Botswana,1383.0,11331.0,-17.0,-7.89305358895749
1.0,Brazil,838.0,4400.0,-5.0,-4.05904827267295
1.0,Brunei Darussalam,9732.0,36300.0,-6.0,1.20300193904603
1.0,Bulgaria,466.0,24182.0,-2.0,-4.15370282988493
1.0,Burkina Faso,-3290.0,-8739.0,-20.0,2.02238469536866
1.0,Burundi,831.0,-328.0,-16.0,0.297577119233125
1.0,Cambodia,-1075.0,705.0,-4.0,-3.14103480632566
1.0,Cameroon,898.0,6315.0,0.0,0.730339198197697
1.0,Canada,-342.0,6449.0,1.0,-5.31294474285987
1.0,Central African Republic,-2502.0,-3187.0,0.0,0.0
1.0,Chad,6243.0,-620.0,-24.0,-0.890209999072951
1.0,Chile,-192.0,316.0,-3.0,-5.77150166876176
1.0,China,2611.0,26431.0,-2.0,2.29999999995441
1.0,Colombia,895.0,-686.0,41.0,-6.8473142056573
1.0,Comoros,3315.0,-4555.0,41.0,4.91077747534176
1.0,Costa Rica,1547.0,6908.0,-4.0,-4.53996591674169
1.0,Cote d'Ivoire,-1410.0,391.0,1.0,1.81644146095073
1.0,Croatia,1191.0,16468.0,-4.0,-8.36737821725714
1.0,Cyprus,6833.0,70296.0,1.0,-5.10347951905253
1.0,Czech Republic,899.0,6234.0,-3.0,-5.79357128432328
1.0,Denmark,2368.0,24072.0,-2.0,-2.06212495876164
1.0,Djibouti,-469.0,-8699.0,-4.0,0.499999999999986
1.0,Dominica,198.0,994.0,11.0,-16.7091602926228
1.0,Dominican Republic,-1078.0,-182.0,0.0,-6.72023937283404
1.0,Ecuador,294.0,2964.0,-5.0,-7.75012337710913
1.0,El Salvador,2437.0,8378.0,-14.0,-7.94398461326071
1.0,Equatorial Guinea,7906.0,20081.0,-2.0,-4.89335647440198
1.0,Estonia,-125.0,12830.0,-1.0,-2.95106931268964
1.0,Ethiopia,5891.0,9794.0,-2.0,6.05661779202561
1.0,Fiji,-1159.0,-2830.0,1.0,-19.0487564856799
1.0,Finland,2089.0,27503.0,-4.0,-2.87069059271343
1.0,France,636.0,18394.0,0.0,-7.85525603703762
1.0,Gabon,1052.0,4587.0,-34.0,-1.32393655297315
1.0,Georgia,-427.0,4311.0,1.0,-6.15967292756974
1.0,Germany,2425.0,19099.0,-3.0,-4.56961671737398
1.0,Ghana,1500.0,-2645.0,0.0,0.414443468055197
1.0,Greece,804.0,14290.0,2.0,-8.24773611483073
1.0,Grenada,4221.0,15398.0,-26.0,-11.2307582271741
1.0,Guatemala,972.0,5091.0,-14.0,-1.51932802919289
1.0,Guinea,-1539.0,-2112.0,13.0,6.98855997075241
1.0,Guinea-Bissau,6146.0,7470.0,2.0,-2.39999999921721
1.0,Guyana,7543.0,22277.0,-3.0,43.4795146332261
1.0,Haiti,352.0,2053.0,49.0,-3.37375049597422
1.0,Honduras,1147.0,6055.0,-11.0,-8.96476018404584
1.0,Hungary,228.0,4462.0,-1.0,-4.95674851669689
1.0,Iceland,2490.0,40393.0,0.0,-6.50391225040894
1.0,India,556.0,4702.0,-4.0,-7.9646104111382
1.0,Indonesia,1574.0,4282.0,-7.0,-2.06954349906437
1.0,Iraq,14332.0,29292.0,-33.0,-10.3650901764239
1.0,Ireland,1994.0,15412.0,-2.0,5.86697550911293
1.0,Israel,379.0,15774.0,-10.0,-2.44001079210835
1.0,Italy,526.0,8580.0,2.0,-8.87114634766792
1.0,Jamaica,-671.0,1704.0,-14.0,-10.2
1.0,Japan,1720.0,21083.0,-2.0,-5.80990557067783
1.0,Jordan,-596.0,370.0,-3.0,-1.5513843252939
1.0,Kazakhstan,1983.0,8580.0,-4.0,-2.60000000027189
1.0,Kenya,632.0,1022.0,-1.0,-0.307497490498449
1.0,Kiribati,-5891.0,-8574.0,89.0,2.53807106598984
1.0,Latvia,-122.0,7783.0,0.0,-3.62368391569032
1.0,Lebanon,-1233.0,-7502.0,9.0,-20.2999931945589
1.0,Lesotho,-4899.0,-2700.0,-1.0,-11.0609937385315
1.0,Liberia,-1950.0,-1374.0,-10.0,-2.87072242804096
1.0,Lithuania,142.0,10284.0,2.0,-0.871905539751921
1.0,Luxembourg,1106.0,31051.0,1.0,-1.31320454303741
1.0,Madagascar,-6593.0,-10271.0,55.0,-4.20000207447691
1.0,Malawi,3075.0,7411.0,-2.0,0.799999999999955
1.0,Malaysia,-298.0,2563.0,-2.0,-5.58774467806195
1.0,Maldives,3079.0,30787.0,0.0,-31.9820637101164
1.0,Mali,-2388.0,5115.0,30.0,-1.64926140079287
1.0,Malta,1521.0,14647.0,1.0,-7.00112961514149
1.0,Mauritania,5648.0,12007.0,-57.0,-1.48848721412935
1.0,Mauritius,5.0,-1943.0,-7.0,-14.867831289276
1.0,Mexico,-995.0,10182.0,260.0,-8.23947327731744
1.0,Mongolia,-917.0,89624.0,-2.0,-5.33555201697223
1.0,Montenegro,-1190.0,-12132.0,19.0,-15.158984433142
1.0,Morocco,-1490.0,-4315.0,33.0,-7.11723216887476
1.0,Mozambique,2514.0,13562.0,-7.0,-1.28188697176552
1.0,Namibia,994.0,-144.0,5.0,-7.98354382508364
1.0,Nepal,-891.0,2357.0,156.0,-2.08837869543885
1.0,Netherlands,-5575.0,-57080.0,8.0,-3.79863599268334
1.0,New Zealand,-8341.0,-31144.0,-7.0,0.98096509294345
1.0,Nicaragua,6054.0,44460.0,2.0,-1.97732939329578
1.0,Niger,4890.0,15369.0,-105.0,1.50000554259205
1.0,Nigeria,203.0,802.0,9.0,-1.79425308233591
1.0,Norway,3226.0,45013.0,-3.0,-0.76586036472996
1.0,Pakistan,-547.0,376.0,1.0,0.525527438790377
1.0,Panama,737.0,1898.0,-6.0,-17.9493316725846
1.0,Papua New Guinea,3275.0,2579.0,-21.0,-3.878818537374
1.0,Paraguay,297.0,4738.0,-7.0,-0.999999999994245
1.0,Peru,471.0,798.0,-15.0,-11.1488118768393
1.0,Philippines,1985.0,10097.0,-11.0,-9.57302987461006
1.0,Poland,1318.0,14835.0,-2.0,-2.70170919482509
1.0,Portugal,1070.0,9468.0,1.0,-7.57277776605211
1.0,Puerto Rico,2014.0,24338.0,-10.0,-3.90330519298465
1.0,Qatar,5368.0,55107.0,3.0,-3.66783552589879
1.0,Romania,649.0,5858.0,-3.0,-3.85937359255286
1.0,Rwanda,-305.0,2841.0,-17.0,-3.35547212198846
1.0,Samoa,561.0,-2558.0,0.0,-2.74256739608303
1.0,Sao Tome and Principe,616.0,-878.0,16.0,3.08972555522433
1.0,Saudi Arabia,1926.0,21029.0,-9.0,-4.10658341159909
1.0,Senegal,1833.0,4758.0,-12.0,0.870408531926302
1.0,Serbia,298.0,3363.0,2.0,-0.979714616234148
1.0,Seychelles,-1112.0,-1591.0,33.0,-10.7204870650812
1.0,Sierra Leone,4113.0,6926.0,-4.0,-2.16249723146613
1.0,Singapore,914.0,24510.0,-1.0,-5.39102140610559
1.0,Slovenia,1265.0,15017.0,-2.0,-4.22926138908075
1.0,Solomon Islands,-445.0,11239.0,18.0,-4.31726002703921
1.0,Somalia,2246.0,5318.0,-2.0,-1.49516270888303
1.0,South Africa,865.0,9286.0,0.0,-6.95960445218964
1.0,Spain,916.0,9251.0,0.0,-10.8228864939664
1.0,Sri Lanka,-2041.0,-3999.0,2.0,-3.5690761372374
1.0,Sudan,4573.0,5462.0,-17.0,-1.56216179984276
1.0,Suriname,5795.0,11255.0,-7.0,-14.5
1.0,Sweden,1388.0,15652.0,3.0,-2.79533514243728
1.0,Switzerland,4922.0,38805.0,-2.0,-2.39282604159746
1.0,Tajikistan,1509.0,2190.0,3.0,4.49999951669761
1.0,Thailand,702.0,8370.0,0.0,-6.08722028505679
1.0,Timor-Leste,-3292.0,-5552.0,-16.0,-8.70254848621823
1.0,Togo,-1628.0,-4457.0,22.0,1.75280074920752
1.0,Trinidad and Tobago,-424.0,-1113.0,-1.0,-7.83187649658342
1.0,Tunisia,991.0,2400.0,1.0,-8.60031028272616
1.0,Turkey,1131.0,5451.0,4.0,1.7566507625293
1.0,Turks and Caicos Islands,-2553.0,15788.0,19.0,-26.8000042915066
1.0,Uganda,-1135.0,21.0,3.0,2.85758127391374
1.0,Ukraine,1071.0,3304.0,-3.0,-4.02031771396206
1.0,United Kingdom,476.0,22166.0,-1.0,-9.79024036173693
1.0,United States,1937.0,30545.0,-3.0,-3.48614040819797
1.0,Uruguay,-195.0,1435.0,3.0,-5.85872124345026
1.0,Uzbekistan,2919.0,5226.0,-13.0,1.64779710168759
1.0,Vanuatu,1735.0,10837.0,7.0,-9.23532846095011
1.0,Zambia,246.0,2342.0,-9.0,-3.01618890347348
1.0,Zimbabwe,185.0,769.0,3.0,-7.99999999999999
1.0,Afghanistan,586.0,1999.0,-16.0,-1.9347782488959
1.0,Albania,-1205.0,-321.0,2.0,-3.31123944391327
1.0,Algeria,1791.0,5160.0,0.0,-5.48099193515836
1.0,Andorra,-3321.0,-51316.0,19.0,-11.9560584192697
1.0,Angola,518.0,3861.0,-3.0,-4.04051000025351
1.0,Antigua and Barbuda,1704.0,8220.0,-2.0,-15.9735096410208
1.0,Argentina,24.0,1819.0,-1.0,-9.90523485573888
1.0,Armenia,844.0,5772.0,0.0,-7.59999999999999
1.0,Australia,156.0,26195.0,1.0,-0.284839297785609
1.0,Austria,1406.0,14854.0,1.0,-6.25903481882027
1.0,Azerbaijan,-883.0,2955.0,-2.0,-4.30998913316057
1.0,Bahrain,2663.0,24597.0,-1.0,-5.81468342829542
1.0,Bangladesh,2799.0,4019.0,5.0,2.37552165571601
1.0,Barbados,-696.0,2467.0,1.0,-17.6053641017878
1.0,Belarus,636.0,3232.0,-3.0,-0.900000000246891
1.0,Belgium,-424.0,3493.0,5.0,-6.28392995127165
1.0,Belize,-1110.0,-1884.0,3.0,-14.0384211620734
1.0,Benin,7889.0,9516.0,-34.0,3.84879240030133
1.0,Bhutan,5605.0,33161.0,-9.0,-6.77210161101478
1.0,Bolivia,1229.0,4413.0,4.0,-7.82328995009992
1.0,Bosnia and Herzegovina,1531.0,3082.0,3.0,-4.32734580579653
1.0,Botswana,2532.0,9243.0,-8.0,-7.89305358895749
1.0,Brazil,465.0,5334.0,-2.0,-4.05904827267295
1.0,Brunei Darussalam,10942.0,39589.0,-4.0,1.20300193904603
1.0,Bulgaria,739.0,35303.0,0.0,-4.15370282988493
1.0,Burkina Faso,745.0,-1987.0,-40.0,2.02238469536866
1.0,Burundi,316.0,693.0,0.0,0.297577119233125
1.0,Cambodia,439.0,712.0,-3.0,-3.14103480632566
1.0,Cameroon,126.0,160.0,2.0,0.730339198197697
1.0,Canada,970.0,3123.0,1.0,-5.31294474285987
1.0,Central African Republic,-2882.0,-2116.0,51.0,0.0
1.0,Chad,7586.0,11653.0,-57.0,-0.890209999072951
1.0,Chile,400.0,7207.0,-5.0,-5.77150166876176
1.0,China,3801.0,26454.0,0.0,2.29999999995441
1.0,Colombia,1135.0,1502.0,28.0,-6.8473142056573
1.0,Comoros,-406.0,-4760.0,62.0,4.91077747534176
1.0,Costa Rica,1306.0,7062.0,3.0,-4.53996591674169
1.0,Cote d'Ivoire,2193.0,7528.0,1.0,1.81644146095073
1.0,Croatia,2950.0,23961.0,-5.0,-8.36737821725714
1.0,Cyprus,7596.0,72240.0,1.0,-5.10347951905253
1.0,Czech Republic,2310.0,8784.0,0.0,-5.79357128432328
1.0,Denmark,860.0,29148.0,-1.0,-2.06212495876164
1.0,Djibouti,-973.0,10749.0,36.0,0.499999999999986
1.0,Dominica,-206.0,309.0,-61.0,-16.7091602926228
1.0,Dominican Republic,-293.0,2378.0,1.0,-6.72023937283404
1.0,Ecuador,95.0,3352.0,-2.0,-7.75012337710913
1.0,El Salvador,3121.0,9595.0,1.0,-7.94398461326071
1.0,Equatorial Guinea,5185.0,7841.0,12.0,-4.89335647440198
1.0,Estonia,871.0,19137.0,-1.0,-2.95106931268964
1.0,Ethiopia,5601.0,7024.0,20.0,6.05661779202561
1.0,Fiji,-1415.0,364.0,-5.0,-19.0487564856799
1.0,Finland,3043.0,31117.0,-3.0,-2.87069059271343
1.0,France,893.0,27185.0,0.0,-7.85525603703762
1.0,Gabon,1197.0,885.0,-12.0,-1.32393655297315
1.0,Georgia,56.0,2608.0,1.0,-6.15967292756974
1.0,Germany,2723.0,22921.0,-2.0,-4.56961671737398
1.0,Ghana,5927.0,2335.0,3.0,0.414443468055197
1.0,Greece,2071.0,28737.0,-1.0,-8.24773611483073
1.0,Grenada,-443.0,15163.0,-56.0,-11.2307582271741
1.0,Guatemala,369.0,1553.0,1.0,-1.51932802919289
1.0,Guinea,1241.0,-986.0,-11.0,6.98855997075241
1.0,Guinea-Bissau,4164.0,2884.0,4.0,-2.39999999921721
1.0,Guyana,2542.0,8624.0,-2.0,43.4795146332261
1.0,Haiti,-781.0,581.0,2.0,-3.37375049597422
1.0,Honduras,-636.0,7509.0,-7.0,-8.96476018404584
1.0,Hungary,849.0,7241.0,0.0,-4.95674851669689
1.0,Iceland,2566.0,42380.0,5.0,-6.50391225040894
1.0,India,561.0,5647.0,-5.0,-7.9646104111382
1.0,Indonesia,696.0,4758.0,-2.0,-2.06954349906437
1.0,Iraq,14598.0,29470.0,-27.0,-10.3650901764239
1.0,Ireland,2334.0,18356.0,-3.0,5.86697550911293
1.0,Israel,-6.0,14698.0,-2.0,-2.44001079210835
1.0,Italy,724.0,12246.0,1.0,-8.87114634766792
1.0,Jamaica,460.0,3578.0,0.0,-10.2
1.0,Japan,932.0,22536.0,-1.0,-5.80990557067783
1.0,Jordan,689.0,3010.0,-3.0,-1.5513843252939
1.0,Kazakhstan,1955.0,9410.0,-5.0,-2.60000000027189
1.0,Kenya,419.0,1818.0,-4.0,-0.307497490498449
1.0,Kiribati,2395.0,-5353.0,-5.0,2.53807106598984
1.0,Latvia,614.0,15970.0,-1.0,-3.62368391569032
1.0,Lebanon,-1074.0,-8313.0,5.0,-20.2999931945589
1.0,Lesotho,-2104.0,-341.0,-5.0,-11.0609937385315
1.0,Liberia,3251.0,2238.0,2.0,-2.87072242804096
1.0,Lithuania,511.0,13427.0,0.0,-0.871905539751921
1.0,Luxembourg,2392.0,28789.0,0.0,-1.31320454303741
1.0,Madagascar,-3273.0,-3983.0,29.0,-4.20000207447691
1.0,Malawi,517.0,3764.0,3.0,0.799999999999955
1.0,Malaysia,120.0,7714.0,0.0,-5.58774467806195
1.0,Maldives,4332.0,6579.0,15.0,-31.9820637101164
1.0,Mali,1247.0,-719.0,13.0,-1.64926140079287
1.0,Malta,329.0,9782.0,4.0,-7.00112961514149
1.0,Mauritania,2233.0,4468.0,7.0,-1.48848721412935
1.0,Mauritius,-1785.0,-2148.0,0.0,-14.867831289276
1.0,Mexico,-1209.0,13.0,17.0,-8.23947327731744
1.0,Mongolia,-925.0,4030.0,-1.0,-5.33555201697223
1.0,Montenegro,703.0,2995.0,2.0,-15.158984433142
1.0,Morocco,200.0,3017.0,0.0,-7.11723216887476
1.0,Mozambique,-1672.0,-5520.0,3.0,-1.28188697176552
1.0,Namibia,3457.0,7683.0,-8.0,-7.98354382508364
1.0,Nepal,1471.0,4787.0,-1.0,-2.08837869543885
1.0,Netherlands,2516.0,12910.0,0.0,-3.79863599268334
1.0,New Zealand,222.0,14670.0,0.0,0.98096509294345
1.0,Nicaragua,1972.0,6620.0,3.0,-1.97732939329578
1.0,Niger,-2764.0,1161.0,-69.0,1.50000554259205
1.0,Nigeria,2149.0,6075.0,3.0,-1.79425308233591
1.0,Norway,3802.0,10274.0,-4.0,-0.76586036472996
1.0,Pakistan,4716.0,16888.0,-12.0,0.525527438790377
1.0,Panama,3411.0,14432.0,42.0,-17.9493316725846
1.0,Papua New Guinea,-4574.0,-7222.0,-37.0,-3.878818537374
1.0,Paraguay,2450.0,4107.0,15.0,-0.999999999994245
1.0,Peru,-3462.0,5429.0,-37.0,-11.1488118768393
1.0,Philippines,5609.0,40372.0,-9.0,-9.57302987461006
1.0,Poland,4161.0,23788.0,1.0,-2.70170919482509
1.0,Portugal,385.0,31925.0,8.0,-7.57277776605211
1.0,Puerto Rico,15729.0,118767.0,-22.0,-3.90330519298465
1.0,Qatar,-15042.0,-82668.0,2.0,-3.66783552589879
1.0,Romania,-163.0,-1307.0,6.0,-3.85937359255286
1.0,Rwanda,3566.0,14536.0,20.0,-3.35547212198846
1.0,Samoa,-4269.0,5638.0,17.0,-2.74256739608303
1.0,Sao Tome and Principe,20867.0,117982.0,2.0,3.08972555522433
1.0,Saudi Arabia,-3802.0,-47791.0,-7.0,-4.10658341159909
1.0,Senegal,5977.0,26187.0,-8.0,0.870408531926302
1.0,Serbia,3888.0,18332.0,36.0,-0.979714616234148
1.0,Seychelles,-3287.0,-6784.0,-1.0,-10.7204870650812
1.0,Sierra Leone,11462.0,68108.0,-4.0,-2.16249723146613
1.0,Singapore,-5776.0,-13252.0,4.0,-5.39102140610559
1.0,Slovenia,-1483.0,-26701.0,0.0,-4.22926138908075
1.0,Solomon Islands,2889.0,-7422.0,36.0,-4.31726002703921
1.0,Somalia,-587.0,36016.0,-46.0,-1.49516270888303
1.0,South Africa,1951.0,10165.0,16.0,-6.95960445218964
1.0,Spain,-4538.0,-18659.0,-17.0,-10.8228864939664
1.0,Sri Lanka,505.0,-2271.0,24.0,-3.5690761372374
1.0,Sudan,11356.0,20467.0,-51.0,-1.56216179984276
1.0,Suriname,2746.0,-5525.0,12.0,-14.5
1.0,Sweden,11239.0,64564.0,-8.0,-2.79533514243728
1.0,Switzerland,-11977.0,-59737.0,31.0,-2.39282604159746
1.0,Tajikistan,9124.0,29091.0,-9.0,4.49999951669761
1.0,Thailand,4314.0,23003.0,-6.0,-6.08722028505679
1.0,Timor-Leste,3148.0,24884.0,31.0,-8.70254848621823
1.0,Togo,8154.0,2730.0,46.0,1.75280074920752
1.0,Trinidad and Tobago,2398.0,-6484.0,0.0,-7.83187649658342
1.0,Tunisia,1876.0,14435.0,10.0,-8.60031028272616
1.0,Turkey,-11914.0,-29801.0,20.0,1.7566507625293
1.0,Turks and Caicos Islands,-879.0,-20964.0,-106.0,-26.8000042915066
1.0,Uganda,6494.0,21368.0,8.0,2.85758127391374
1.0,Ukraine,16648.0,160906.0,-12.0,-4.02031771396206
1.0,United Kingdom,-3234.0,-27993.0,-1.0,-9.79024036173693
1.0,United States,-3934.0,-16948.0,8.0,-3.48614040819797
1.0,Uruguay,-2676.0,-11680.0,-4.0,-5.85872124345026
1.0,Uzbekistan,3270.0,17540.0,-12.0,1.64779710168759
1.0,Vanuatu,-4920.0,-12248.0,24.0,-9.23532846095011
